<?xml version="1.0" encoding="UTF-8"?>
<project-private xmlns="http://www.netbeans.org/ns/project-private/1">
    <editor-bookmarks xmlns="http://www.netbeans.org/ns/editor-bookmarks/2" lastBookmarkId="0"/>
    <open-files xmlns="http://www.netbeans.org/ns/projectui-open-files/2">
        <group>
            <file>file:/C:/Users/RajeshM/Desktop/ST10259834_PROG6112_Exam/exam%20question%201/test/exam_q1/UnitTesting.java</file>
            <file>file:/C:/Users/RajeshM/Desktop/ST10259834_PROG6112_Exam/exam%20question%201/src/exam_q1/iMovieTickets.java</file>
            <file>file:/C:/Users/RajeshM/Desktop/ST10259834_PROG6112_Exam/exam%20question%201/src/exam_q1/exam_q1.java</file>
        </group>
    </open-files>
</project-private>
